OBJECTID;Name;Address;Postcode;Ward;Toilet opening hours;Male (no. of);Urinals (no. of);Female (no. of);Unisex (no.of);Accessible (no. of);Accessibility info;Changing Place;Automatic opening door;Pull cord monitored (Y/N/Times);Radar Key;Baby change;Family Toilet;Automatic Public Convenience;Attended;Full Time Staffing;geo_shape;geo_point_2d
4;Brandon Hill Park - Public Conveniences;Great George Street, City Centre, Bristol;BS1 5PZ;Hotwells & Harbourside;Monday - Sunday 08.00 - 15.30, excluding Christmas Day;1;1;1;0;1;YES - Support rail, cubicle size 188 x 270cm, seat height 48cm, mirror, contrast skirting, non reflective wall, non-slip floors, accessible locks;N;N;no;N;Y;N;N;;N;"{""coordinates"": [-2.607472789568813, 51.45374213233456], ""type"": ""Point""}";51.45374213233456, -2.607472789568813
57;Barton Hill Settlement;41-43 Ducie Road;BS5 0AX;Lawrence Hill;Monday - Friday 9:00 - 16:00;2;;2;0;2;YES- toilet height 48cm, cubicle size 150cmx 210cm, contrasting walls and floor, hand rails, mirror;N;N;Yes- during open time;N;Y;N;N;Y;Y;"{""coordinates"": [-2.563674974700087, 51.4562494756259], ""type"": ""Point""}";51.4562494756259, -2.563674974700087
71;McDonald's - Hengrove Leisure Park;Hengrove Leisure Park, Hengrove Way;BS14 0HR;Hengrove & Whitchurch Park;07:00 - 23:00;Yes;?;Yes;;0;;N;;;;Yes;N;N;;N;"{""coordinates"": [-2.5886033962748014, 51.41680109233672], ""type"": ""Point""}";51.41680109233672, -2.5886033962748014
120;Grupo Lounge (Lounges);8 Canford Lane;BS9 3DH;Westbury-on-Trym & Henleaze;Mon- Sun 9am-11pm;1;;2;;1;YES- door width 85cm, cubicle size 220x130cm, seat height 48cm, handrails, mirror, contrasting floor wall,;;N;Yes during open times;N;Y;;N;;;"{""coordinates"": [-2.619315150197528, 51.49292183201815], ""type"": ""Point""}";51.49292183201815, -2.619315150197528
134;McDonald's - Avonmeads;Avonmeads Retail Park, St Philips Causeway;BS2 0SP;Lawrence Hill;06:00 - 23:00;Yes;?;Yes;;0;;N;;;;Yes;N;N;;N;"{""coordinates"": [-2.5603689727040835, 51.44718357349885], ""type"": ""Point""}";51.44718357349885, -2.5603689727040835
147;We the Curious - Cafe;Anchor Road, Bristol;BS1 5DB;Hotwells & Harbourside;Monday-Friday 10:00-17:00, (during term time), 10:00-18:00, weekends, bank holidays and Bristol school holidays;0;0;0;2;1;YES - Support rail door 90cm, Cubical size 220 x 168cm, Seat 48cm, non slip floor, large catch. Hoist;N;;yes;Y;Y;N;N;;N;"{""coordinates"": [-2.600487222378811, 51.450419442926425], ""type"": ""Point""}";51.450419442926425, -2.600487222378811
612;The Park, Daventry Road;Daventry Road, Knowle, Bristol;BS4 1DQ;Knowle;Monday-Friday 7:00-22.00, Saturday-Sunday 9:00-16:00;1;;3;;1;YES - Support rail moveable, door width 95cm, cubical size 220 x 242cm, height of seat 50cm, non reflecting wall, non slip floor;;;;;Y;;;;;"{""coordinates"": [-2.5814625422852884, 51.429724968128], ""type"": ""Point""}";51.429724968128, -2.5814625422852884
151;Cabot Circus Shopping Centre 3rd Floor Management Suite;Glass House, Broadmead;BS1 3BX;Central;Covid-19 update: open Monday-Saturday 09:00-20:15, Sunday 09:00-17:30;7;13;24;0;5;YES - 5 units, support rails, seat height is 36- 40cm, contracting skirting, non slip foor, non reflecting walls and floors;N;N;Y during open times;N;Y;N;N;Y;Y;"{""coordinates"": [-2.585266544061064, 51.45784273970427], ""type"": ""Point""}";51.45784273970427, -2.585266544061064
70;Morrison's - Hartcliffe;Hareclive Road, Petersons Avenue, Hartcliffe;BS14 0BE;Hartcliffe & Withywood;7am - 10pm;2;3;3;;1;YES - Cubical size 140-200cm. Seat Height 48cm. handrails.;N;;Y during open hours;N;Y;N;N;Y;Y;"{""coordinates"": [-2.599634281854773, 51.40520040398443], ""type"": ""Point""}";51.40520040398443, -2.599634281854773
6481;Bedminster Library;4, St Peters Court, Bedminster Parade, Bedminster, Bristol;BS3 4AQ;Southville;Monday, Wednesday 10am - 7pm, Thursday, Friday, Saturday 10am - 5pm, Closed Tuesday and Sunday.;0;0;0;1;1;Radar key required. Door width 93cm, cubicle 230x198cm, seat hight 48cm, Handrails. Low level lighting;;N;;Y;Y;N;N;N;;"{""coordinates"": [-2.593713439425774, 51.44426543770273], ""type"": ""Point""}";51.44426543770273, -2.593713439425774
59;Tesco - Golden Hill;Golden Hill, Lime Trees Road;BS6 7XW;Westbury-on-Trym & Henleaze;Monday-Saturday 08:00-22:00, Sunday 10:00-16:00;1;2;2;;1;YES - Movable handrails. Cubical size 150-170cm. Seat height 48cm.;N;N;Y - During open times;N;Y;N;N;Y;Y;"{""coordinates"": [-2.5961699410625116, 51.48572511479389], ""type"": ""Point""}";51.48572511479389, -2.5961699410625116
9395;Coffee#1 Clifton;33 Princess Victoria Street;BS8 4BX;Clifton;Monday to Saturday 07:30 to 18:00 Sunday 09:00 to 17:00;0;0;0;1;0;N/A;No;No;N/A;No;Yes;No;No;No;Yes;"{""coordinates"": [-2.6205734315267453, 51.45437004978789], ""type"": ""Point""}";51.45437004978789, -2.6205734315267453
9398;Future Leap;1 - 3 Gloucester Road Bishopston Bristol;BS7 8AA;Ashley;Monday to Friday 09:00-16:00 Saturday & Sunday 10:00-16:00;0;0;0;2;0;N/A;No;No;N/A;No;0;No;Yes;No;<Null>;"{""coordinates"": [-2.593219912386491, 51.470391609595175], ""type"": ""Point""}";51.470391609595175, -2.593219912386491
9378;Henbury Leisure Centre;Avonmouth Way, Henbury, Bristol;BS10 7NG;Henbury & Brentry;Monday to Friday 06:30-22:00, Saturday & Sunday 08:00-16:00;1;1;2;0;1;Door over 1 metre, 350 x 165 cubicle, seat height 46cm, support rails by hand basin and toilet movable, seat has locking lugs, mirror, no colour-contr;No;No;Yes - during opening times;No;1;No;Yes;Yes;;"{""coordinates"": [-2.632595560108816, 51.50935690110484], ""type"": ""Point""}";51.50935690110484, -2.632595560108816
9402;Royal West Of England Academy Art Gallery;Queens Road Clifton Bristol;BS8 1PX;Central;Mondays CLOSED, Tuesday to Sunday 10:00-17:00;2;3;3;1;2;Door over 1 metre, 230 x 150, seat height 50cm, support rails by hand basin and toilet are movable, no locking lugs on seat, mirror, colour-contrastin;Yes;No;Yes - during opening times;Yes;2;No;Yes;No;<Null>;"{""coordinates"": [-2.6082894879426615, 51.458157210887464], ""type"": ""Point""}";51.458157210887464, -2.6082894879426615
9406;The Bristol Flyer;96 Gloucester Road Bishopston Bristol;BS7 8BN;Redland;Monday to Thursday 12:00-23:00, Friday & Saturday 12:00-00:00, Sunday 12:00-22:00;2;5;3;0;1;Door over 1 metre, 180 x 180 cubicle, seat height 47cm, support rails by hand basin and toilet are movable,  seat does not have locking lugs, mirror,;No;Yes;Yes - during opening times;Yes;1;No;Yes;No;<Null>;"{""coordinates"": [-2.591739048734966, 51.4746657956986], ""type"": ""Point""}";51.4746657956986, -2.591739048734966
9409;The Fire Engine;188 Church Road Redfield Bristol;BS5 9HX;St George West;Monday to Sunday 11:00-21:00;1;3;1;0;2;Door less than 1 metre, 150 x 95 cubicle, no support rails, seat height 44cm, seat has locking lugs, mirror, colour-contrasting skirting, wall and flo;No;No;No;No;0;No;No;No;<Null>;"{""coordinates"": [-2.551177689118408, 51.45950986328811], ""type"": ""Point""}";51.45950986328811, -2.551177689118408
9412;The Lounge;227-231 North Street, Bedminster, Bristol;BS3 1JJ;Southville;Monday to Sunday 09:00-23:00;1;1;2;0;1;Door less than 1 metre, 200 x 100 cubicle, seat height 49cm, support rails by hand basin and toilet not movable, no locking lugs, mirror, no colour-co;No;No;No;No;1;No;Yes;No;<Null>;"{""coordinates"": [-2.6122073445775946, 51.44113326209211], ""type"": ""Point""}";51.44113326209211, -2.6122073445775946
1;Snuff Mills Park Public Conveniences;River View, Bristol;BS16 1DL;Frome Vale;Monday - Sunday 08.00 - 17.15 (winter), 08:00 - 21.15 (summer), excluding Christmas Day;1;0;0;2;1;YES - Door 85cm, cubicle 200 x 220cm, seat height 53cm, mirror, coloured skirting, non reflective wall, non slip floor, accessible lock;N;N;;Y;Y;N;N;N;N;"{""coordinates"": [-2.5444866478456984, 51.48623723049221], ""type"": ""Point""}";51.48623723049221, -2.5444866478456984
9419;Nectar House;169 Gloucester Road Bishopston Bristol;BS7 8BE;Ashley;;;;;1;1;;;;;;;;;;;"{""coordinates"": [-2.5913644893151937, 51.47449194431471], ""type"": ""Point""}";51.47449194431471, -2.5913644893151937
2418;East Trees Health Centre;100a Fishponds Road;BS5 6SA;Eastville;COVID-19: CLOSED Monday 08:00-19:30, Tuesday-Friday 08:00-18:30;2;;2;;1;YES - Door width 90cm, cubicle size 220 x 140cm, moveable support rails;N;N;Yes during open times;;;Y;;;;"{""coordinates"": [-2.5622003671159046, 51.47010419996987], ""type"": ""Point""}";51.47010419996987, -2.5622003671159046
55;Burger King;4 Eastgate Road, Eastgate Centre;BS5 6XX;Lockleaze;COVID-19: CLOSED Monday-Friday 08:00-23:00, Saturday-Sunday 09:00-23:00;;;;;1;YES;N;N;Yes - during open times;N;Y;N;N;;N;"{""coordinates"": [-2.5650459887428942, 51.47404649410268], ""type"": ""Point""}";51.47404649410268, -2.5650459887428942
76;A4 Brislington Park and Ride;Brislington Park And Ride, Stockwood Road, Brislington, Bristol;BS4 5ZZ;Brislington West;Monday-Friday 6:30am to 9:30pm, Saturday 7:30am to 8pm, Sunday - Closed;2;;2;;1;YES, Door width 90cm, Cubical size 140x160cm, Seat Height 44cm;N;N;None;N;N;N;N;;N;"{""coordinates"": [-2.5370896967582524, 51.427906158623955], ""type"": ""Point""}";51.427906158623955, -2.5370896967582524
145;St George Library;St George Library, Church Road, St George, Bristol;BS5 8AL;St George West;3-7 Monday, 10 - 2 Tuesday, 1-5 Wednesday, 10-2 Thursday, 1-5 Friday, 11-5 Saturday;;;;1;Yes;;N;N;N;N;Y;N;N;N;N;"{""coordinates"": [-2.5442947523612633, 51.46049502773744], ""type"": ""Point""}";51.46049502773744, -2.5442947523612633
157;Southville Centre;Beauley Road;BS3 1QG;Southville;Monday-Thursday 8:30-20:15, Friday 8:30-18:00.;1;3;3;;1;YES - Door 86cm, Cubical: 193x199cm. Seat height 48cm. Support rails.;N;;Yes during open times;N;Y;N;N;Y;Y;"{""coordinates"": [-2.605536146122217, 51.44368561598767], ""type"": ""Point""}";51.44368561598767, -2.605536146122217
159;Windmill Hill City Farm;Philip Street, Bedminster, Bristol;BS3 4EA;Southville;Monday-Sunday 09:00-17:00. Closed December 25-January 2;1;2;1;2;2;YES - Cafe toilets are accessible;;N;Yes. During opening hours;N;Y;Y;N;;Y;"{""coordinates"": [-2.5928275308653883, 51.44231204271132], ""type"": ""Point""}";51.44231204271132, -2.5928275308653883
529;SS Great Britain;Great Western Dockyard, Gas Ferry Road, Bristol;BS1 6TY;Hotwells & Harbourside;Monday-Sunday 10:00-16:30;;;;;1;YES;;;;;;;;;;"{""coordinates"": [-2.6074594459065135, 51.44884116324008], ""type"": ""Point""}";51.44884116324008, -2.6074594459065135
3521;Avonmouth Community Centre;257 Avonmouth Road, Avonmouth;BS11 9EN;Avonmouth & Lawrence Weston;Monday - Thursday 09.30-16:30;1;3;2;;1;YES - Movable support rails, Cubical size 170 - 240cm. Seat height 46cm.;N;N;Y - Monitored during open times;N;N;N;N;Y;Y;"{""coordinates"": [-2.698363379203755, 51.50016251963024], ""type"": ""Point""}";51.50016251963024, -2.698363379203755
4497;Ashton Gate Limited;Coffee Shop, Ashton Gate Stadium, Bristol;BS3 2EL;Bedminster;Monday-Friday 08:00-16:00 closed to public on Match days;;;;1;1;YES - Cubical size 140-240cm. Seat height 48. handrails;N;N;Yes - during open times;N;Y;N;N;Y;Y;"{""coordinates"": [-2.620749692421803, 51.439308645769536], ""type"": ""Point""}";51.439308645769536, -2.620749692421803
596;Knowle West Media Centre;Knowle West Media Centre Leinster Avenue Bristol;BS4 1NL;Filwood;Monday -Friday 9:30-17:00;2;;2;;1;YES - Door width 90cm. cubical size 150-210cm. Seat height 48cm.;N;N;Yes- during open times;N;Y;;N;Y;Y;"{""coordinates"": [-2.593129767220259, 51.42547936338119], ""type"": ""Point""}";51.42547936338119, -2.593129767220259
5;Blaise Castle Estate Public Conveniences;Kings Weston Road, Kingsweston, Bristol;BS10 7QT;Henbury & Brentry;Winter Monday - Sunday 08.30 -15:30. Summer Monday - Friday  8:30 - 16.00 hours, excluding Christmas Day;2;1;5;0;1;YES - Movable hand rail, Coor 91cm, Cubical 220x270. Height of seat 43cm, mirror, no reflective wall, non slip floor accessible locks;N;;yes;Y;Y;N;N;;N;"{""coordinates"": [-2.636652172538089, 51.50543521698825], ""type"": ""Point""}";51.50543521698825, -2.636652172538089
3841;Redcatch Park Pavillion;Redcatch Park, Broad Walk, Knowle;BS4 2RA;Knowle;07:00- 16:00 for event or when other toilets in the park are broken;0;0;0;2;1;YES - movable support rail, door 89cm, 171x150cm, 42cm high, mirror, coured skirting, non slip floor, non reflective wall, accessible lock;N;N;no;N;N;N;N;N;;"{""coordinates"": [-2.5713956534852143, 51.43394638775215], ""type"": ""Point""}";51.43394638775215, -2.5713956534852143
48;Long Ashton Park and Ride;Aston Road, Bristol;BS3 2HB;North Somerset Ward;Monday - Saturday 05:30 - 22:45;2;;2;;1;YES, Door Width 86cm, Cubical size 140x120cm, Height of seat 48cm.  door lock is high on door;N;;;;;N;N;;N;"{""coordinates"": [-2.635835772815704, 51.43623250477351], ""type"": ""Point""}";51.43623250477351, -2.635835772815704
3476;Tobacco Factory;Raleigh Road, Bristol;BS3 1TF;Southville;OPEN Monday-Thursday and Sunday 10:00-23:00, Friday-Saturday 10:00-12:00;4;;4;;1;YES - Door width 88cm;;;;Y;;;;;;"{""coordinates"": [-2.613502116494648, 51.44238895115573], ""type"": ""Point""}";51.44238895115573, -2.613502116494648
9399;Hole in the Wall;The Hole In The Wall 2 The Grove Bristol;BS1 4QZ;Central;Monday to Saturday 12:00-23:00, Sunday 12:00 to 22:00;1;4;2;0;1;Door over 1 metre, 200 x 100 cubicle, seat height 70cm, support rails by toilet only not movable, no locking lugs on seat, mirror, no colour contrasti;No;Yes - during opening times;Yes;No;1;Yes;No;Yes;<Null>;"{""coordinates"": [-2.5934601040450644, 51.449490256226895], ""type"": ""Point""}";51.449490256226895, -2.5934601040450644
8748;Boston Tea Party;156 Cheltenham Road, Cotham, Bristol;BS6 5RL;Ashley;Monday to Saturday 08:00 to 17:00 Sunday 09:00 to 17:00;0;0;0;3;1;Door over 1 metre, 210 x 150 cubicle, seight height 49cm, no locking lugs, no mirror, no colour-contrasting skirting, non-reflective wall and floor, n;No;No;Yes - during opening times;No;1;No;Yes;No;;"{""coordinates"": [-2.5900753714823157, 51.46556308839249], ""type"": ""Point""}";51.46556308839249, -2.5900753714823157
9377;First Choice Cafe;102-104 Two Mile Hill Road, Bristol;BS15 1BJ;St George Central;Monday to Saturday 07:30-14:00, Sunday 08:30-13:00;1;1;1;0;0;N/A;No;No;N/A;No;0;No;Yes;No;;"{""coordinates"": [-2.5243447974985496, 51.46165955896071], ""type"": ""Point""}";51.46165955896071, -2.5243447974985496
9408;The Crafty Egg Fishponds;780 Fishponds Road Fishponds Bristol;BS16 3TT;Frome Vale;Monday to Thursday 08:30-23:00, Friday 8:30-00:00, Saturday 09:00-00:00, Sunday 09:00-23:00;2;6;3;0;1;Door less than 1 metre, 175 x 150 cubicle, seat height 48cm, support rails by hand basin and toilet are movable, seat does not have locking lugs, mirr;No;No;Yes - during opening times;No;1;No;Yes;No;<Null>;"{""coordinates"": [-2.5289553232359028, 51.48021231156981], ""type"": ""Point""}";51.48021231156981, -2.5289553232359028
41;Oldbury Court Estate - Public Conveniences;Oldbury Court Road, Bristol;BS16 2JH;Frome Vale;Monday - Sunday 08.00 - 17.15 (winter), 08:00 - 21.15 (summer), excluding Christmas Day;0;1;0;2;1;YES - Support rail moveable, door 85cm, cubicle 200 x 220cm, 53cm seat height, mirror, colour contrast skirting, non reflective wall, non-slip floor;N;N;no;N;Y;N;N;N;N;"{""coordinates"": [-2.5281769032017487, 51.48791461943577], ""type"": ""Point""}";51.48791461943577, -2.5281769032017487
43;Canford Park - Public Convenience;Canford Lane Westbury-on-Trym, Bristol;BS9 3NX;Westbury-on-Trym & Henleaze;Open: 8am to 8pm, 7 days a week;0;0;0;1;1;YES - Cubicle size 200 x 180cm, seat height 48cm, handrails;N;N;Y;N;N;N;N;N;N;"{""coordinates"": [-2.6264733440971253, 51.4931560370927], ""type"": ""Point""}";51.4931560370927, -2.6264733440971253
50;Broadwalk Shopping Centre;Broadwalk, Knowle, Bristol;BS4 2QU;Knowle;Monday-Thursday 08:00-18:30, Friday 08:00-19:30, Saturday 08:00-18:00, Sunday 10:00-16:00;2;3;5;;1;YES - Radar key. If you don't have a radar key, push bell;N;N;Yes- during opening hours;Y;Y;N;N;;N;"{""coordinates"": [-2.5680095577387103, 51.434414624280016], ""type"": ""Point""}";51.434414624280016, -2.5680095577387103
31;Stoke Road Public Toilets;Stoke Road by the Water Tower;BS9 1FG;Stoke Bishop;7 days per week, 7:45 - 20:15;4;5.4m;9;;Yes;;N;;;;;N;N;;N;"{""coordinates"": [-2.6176714600899653, 51.47177577013589], ""type"": ""Point""}";51.47177577013589, -2.6176714600899653
625;Canford Cemetery and Crematorium;Canford Lane, Westbury-on-Trym, Bristol;BS9 3PQ;Westbury-on-Trym & Henleaze;Monday-Friday 09:00-16:00, weekends and bank holidays 11:00-16:00;0;0;0;1;1;YES - Support rail moveable, door 85cm, cubicle 200 x 220cm, seat height 53cm, mirror, colour contrast skirting, non reflective wall, non-slip floor;N;N;Yes. During opening hours;N;N;N;N;N;Y;"{""coordinates"": [-2.6270036652750313, 51.494375023177895], ""type"": ""Point""}";51.494375023177895, -2.6270036652750313
578;South Bristol Crematorium and Cemetery;Bridgwater Road, Bristol;BS13 7AS;Bishopsworth;Monday-Friday 09:00-16:00, weekends and bank holidays 11:00-16:00;1;;1;;1;YES - Female and disabled toilets shared access, ramp to the door;N;N;No;N;N;N;N;N;Y;"{""coordinates"": [-2.624448901566282, 51.42423954621584], ""type"": ""Point""}";51.42423954621584, -2.624448901566282
1281;Greenbank Cemetery (The Mortuary);Greenbank Road, Easton, Bristol;BS5 6HL;Eastville;Monday- Friday 09:00-16:30;;;;1;0;None;N;N;No;N;N;N;N;N;Y;"{""coordinates"": [-2.555276238395372, 51.47042645117558], ""type"": ""Point""}";51.47042645117558, -2.555276238395372
65;Waitrose - Henleaze;51 Northumbria Drive;BS9 4HN;Westbury-on-Trym & Henleaze;Monday-Saturday 7.30am-9pm, Sunday 10am-4pm;0;0;0;1;1;YES - Cubical size 180-240cm. Seat height 48cm. Handrails;N;N;Yes- during open times;N;Y;N;N;Y;Y;"{""coordinates"": [-2.612286944955718, 51.48040001598139], ""type"": ""Point""}";51.48040001598139, -2.612286944955718
81;Burger King - St Phillips Causeway;St Phillips Causeway;BS4 3BD;Brislington West;"10am-10pm Sun-Thu; Fri 10am-12 midnight; Sat 9am-12 midnight";;;;;0;;N;;;;;N;N;;N;"{""coordinates"": [-2.56143165298191, 51.44230494395833], ""type"": ""Point""}";51.44230494395833, -2.56143165298191
5170;Tinto Lounge;344-346 Gloucester Road, Horfield, Bristol;BS7 8TP;Bishopston & Ashley Down;Monday-Friday 8am-11pm, Saturday and Sunday 9am-11pm;;;;;0;NONE;;;;;;;;;;"{""coordinates"": [-2.5874469645980946, 51.48301460387944], ""type"": ""Point""}";51.48301460387944, -2.5874469645980946
3505;Cabot Circus Shopping Centre, Lower ground floor;Glass House, Broadmead;BS1 3BX;Central;Monday-Saturday 09:00-20:15, Sunday 09:00-17:30;9;20;19;;4;"YES - 4 standard units; support rails; seat hight 36- 40cm; non slip foor, none reflecting walls/floors, CP seat hight 47cm hoist and changing table";Y;N;Yes 24 hour;Y;Y;;N;Y;Y;"{""coordinates"": [-2.584332317762057, 51.45894030214083], ""type"": ""Point""}";51.45894030214083, -2.584332317762057
5153;The Life Boat;25 High St, Bristol;BS11 0DX;Avonmouth & Lawrence Weston;Monday - Saturday 10:00 - 23:00  Sunday 12:00 - 22:00;1;1;1;;0;None;N;N;;N;N;N;;Y;Y;"{""coordinates"": [-2.6753681789478043, 51.48900359480954], ""type"": ""Point""}";51.48900359480954, -2.6753681789478043
2;Victoria Park Public Conveniences Park Lodge;Somerset Terrace, Bristol;BS3 4LL;Windmill Hill;Winter Monday - Sunday 07:30 - 17.15. Summer 07:30 - 20:30, excluding Christmas Day;1;1;2;;1;YES - Support rail movable, Door 79cm, 126x230cm, Non reflective walls non slip floor acc locks;N;N;no;Y;;N;N;;N;"{""coordinates"": [-2.589757490670152, 51.44008663756342], ""type"": ""Point""}";51.44008663756342, -2.589757490670152
9405;The Blue Lagoon;118 - 20 Gloucester Road Bishopston Bristol;BS7 8AE;Redland;Monday to Thursday 08:30-00:00, Friday 08:30-01:30, Saturday 08:00-01:30, Sunday 09:00-00:00;2;1;3;0;0;N/A;No;No;N/A;No;0;No;No;Yes;<Null>;"{""coordinates"": [-2.593000412320437, 51.4713668958959], ""type"": ""Point""}";51.4713668958959, -2.593000412320437
9410;The Full Moon Backpacker Hotel And Attic Bar;North Street City Centre Bristol;BS1 3PR;Ashley;Monday to Thursday 12:00-00:00, Friday 12:00-02:00, Saturday 12:00-00:00, Sunday 12:00-22:30;3;2;6;0;1;Door over 1 metre, 180 x 180 cubicle, seat height 47cm, support rails by hand basin and toilet not movable, no locking lugs, no mirror, no colour-cont;No;No;Yes - during opening times;Yes;0;No;No;No;<Null>;"{""coordinates"": [-2.5905966314230695, 51.4604464123212], ""type"": ""Point""}";51.4604464123212, -2.5905966314230695
9417;The White Lion;Passage Road, Bristol;BS9 3HN;Westbury-on-Trym & Henleaze;Monday to Sunday 11:00-23:00;2;3;3;0;1;Door over 1 metre, 150 x 180 cubicle, seat height 47cm, support rails by hand basin and toilet are movable, no locking lugs, mirror, colour-contrastin;Yes;No;Yes - during opening times;No;1;No;Yes;No;<Null>;"{""coordinates"": [-2.617279409186638, 51.495075076424975], ""type"": ""Point""}";51.495075076424975, -2.617279409186638
8097;Underfall Yard - Near Cafe;;BS1 6XG;Hotwells & Harbourside;;;;;2;1;Open Access;;;;;;;;;;"{""coordinates"": [-2.618052915668803, 51.44701300860932], ""type"": ""Point""}";51.44701300860932, -2.618052915668803
46;St Andrews Park - Public Conveniences;Melita Road (& Effingham Road), Bristol;BS6 5AZ;Ashley;Monday - Sunday 7:30-21:00, excluding Christmas Day;1;2;3;0;1;currently vandalised closed;N;N;;Y;N;N;N;;N;"{""coordinates"": [-2.5870397331465833, 51.47401541579891], ""type"": ""Point""}";51.47401541579891, -2.5870397331465833
52;Tesco - Callington Road;Callington Road;BS4 5AY;Brislington West;Mon 8am then 24 hours until 10pm on Sats, Sun 10am - 4pm;Yes;0;Yes;0;1;YES - door width 80cm, cubicle 148cmx230cm, seat height 48 cm, no locking lugs, handrails.;N;N;Yes- during open times;N;Y;N;N;;N;"{""coordinates"": [-2.5546502332155696, 51.43247327181327], ""type"": ""Point""}";51.43247327181327, -2.5546502332155696
32;Suspension Bridge Toilets;Suspension Bridge Road, opposite toll station;BS8 3ZZ;Clifton;7 days a week Winter 08:00-20:30;;;;4;Yes;;N;;;;Yes;N;N;;N;"{""coordinates"": [-2.6252024928822473, 51.45608089540172], ""type"": ""Point""}";51.45608089540172, -2.6252024928822473
146;Mshed;Prince's Wharf, Wapping Road;BS1 4RN;Central;Tuesday-Sunday 10am-5pm also open Mondays during Bristol school holidays 10:00-17:00;3;8;3;;2;YES - 2 fully accessible, on ground floor and first floor;N;;;;Y;N;N;N;N;"{""coordinates"": [-2.597977227529359, 51.44774378867], ""type"": ""Point""}";51.44774378867, -2.597977227529359
63;Helios Medical Centre Stoke Hill;17 Stoke Hill, Bristol;BS9 1JN;Stoke Bishop;Monday 8:00-19:00, Tuesday 8:00-20:00, Wednesday 07:30-18:30, closed Thursday, Friday 08:00-18:30;0;0;0;1;1;YES - Movable support rails, Cubical 200x150, Seat height 53cm, Mirror, non slip floor;N;N;yes during opening hours;N;Y;N;N;;N;"{""coordinates"": [-2.6307518830753183, 51.475410674718354], ""type"": ""Point""}";51.475410674718354, -2.6307518830753183
73;Asda Whitchurch;Whitchurch District Centre, Oatlands Avenue;BS14 0ST;Hengrove & Whitchurch Park;"Monday 08:00-23:00; Tuesday-Friday 7.30am-11pm; Saturday 7am - 10pm; Sunday 10am - 4pm";1;2;4;;1;YES;N;N;Yes - during store opening hours;N;Y;N;N;Y;N;"{""coordinates"": [-2.5709609205500135, 51.413908084617944], ""type"": ""Point""}";51.413908084617944, -2.5709609205500135
577;V-shed (JD Weatherspoons);V Shed, Canon's Road;BS1 5UH;Hotwells & Harbourside;Monday 8:00-00:00, Tuesday 8:00-1:00, Wednesday-Friday 8:00-2:00, Saturday 8:00-3:00, Sunday 8:00-00:00;3;5;9;;1;YES - Moveable support rail, door width 29cm, cubical size 207 x 314cm, seat height 44cm, mirror, colour contrasting, non-slip floor;N;;yes;Y;Y;N;;;;"{""coordinates"": [-2.598836879506406, 51.44968847639465], ""type"": ""Point""}";51.44968847639465, -2.598836879506406
641;Ambition Lawrence Weston, Lawrence Weston Youth Centre;Lawrence Weston Road, Long Cross, Bristol;BS11 0RX;Avonmouth & Lawrence Weston;Monday to Friday 09:00-16:00 with ad-hoc additional hours;;;;;1;YES - Handrails, non slip floor, mirror;;;;;;;;;;"{""coordinates"": [-2.6538223535295566, 51.50494249175576], ""type"": ""Point""}";51.50494249175576, -2.6538223535295566
61;Sainsbury's - Clifton Down;Clifton Down Shopping Centre, Whiteladies Road;BS8 2NN;Clifton Down;COVID-19: OPEN Monday-Saturday 08:00-22:00 Sunday 11:00-17:00;2;;3;;1;YES- Cubical size 140 x 300cm, door width 103cm, height of seat 49cm.;N;N;Y - During open times;N;Y;N;N;Y;Y;"{""coordinates"": [-2.6106132208351975, 51.46400788392814], ""type"": ""Point""}";51.46400788392814, -2.6106132208351975
2417;William Budd Health Centre;Knowle Health Park, Downton Road;BS4 1WH;Filwood;08:30-18:30 Monday-Friday;2;0;2;0;1;YES - Support rails, cubicle size 200 x 150cm, door width 87cm, seat height 44cm, mirror, non reflective walls, non slip floor and accessible lock;N;Y;yes;N;Y;N;N;;Y;"{""coordinates"": [-2.5964595509628676, 51.42804682055827], ""type"": ""Point""}";51.42804682055827, -2.5964595509628676
2737;A4 Portway Park & Ride;A4 Portway, Bristol;BS11 9QE;Avonmouth & Lawrence Weston;Monday-Saturday 06:00-21:40 Sunday 09:00-18:40;;;;;1;YES - Cublical size 150-300cm, Seat height 48cm, handrails;N;N;Yes - During opperational times;N;N;N;N;N;N;"{""coordinates"": [-2.6885975209394477, 51.489985121201585], ""type"": ""Point""}";51.489985121201585, -2.6885975209394477
545;Spike Island;133 Cumberland Road, Bristol;BS1 6UX;Hotwells & Harbourside;Monday-Friday 10:00-17:00, 10:00-16:00 Saturday-Sunday;;;;5;1;YES - Separate unit to main toilets. Clean & tidy. Enough space to turn a wheelchair.;N;N;Yes - during opening hours;N;Y;N;N;Y;N;"{""coordinates"": [-2.610623238106464, 51.447037940175655], ""type"": ""Point""}";51.447037940175655, -2.610623238106464
148;Watershed;1 Cannons Road, Harbourside, Bristol;BS1 5TX;Hotwells & Harbourside;Monday-Friday 9:00-23:00, Saturday-Sunday 10:00-23:00;4;4;5;;1;YES - Movable support rail, Door width 86cm, Cubical size 170x214, Seat height 47cm, Mirror, Colour contrasting skirting, Non-slip floor;N;;yes;;Y;N;N;;N;"{""coordinates"": [-2.5980728453306603, 51.451771616223816], ""type"": ""Point""}";51.451771616223816, -2.5980728453306603
9081;The Royal Oak;383 - 385 Gloucester Road Horfield Bristol;BS7 8TN;Bishopston & Ashley Down;Mon - Sun;3;2;5;0;1;;No;No;No;No;1;No;Yes;No;;"{""coordinates"": [-2.586716517108724, 51.48343973181093], ""type"": ""Point""}";51.48343973181093, -2.586716517108724
8417;;;BS5 7AA;St George West;Daily: 8am to 6pm;;;;3;1;;N;;;;Y;;;;;"{""coordinates"": [-2.549397730367083, 51.461314956204134], ""type"": ""Point""}";51.461314956204134, -2.549397730367083
9394;Coffee#1 Bedminster;247 - 249 North Street Bedminster Bristol;BS3 1JN;Southville;Monday to Friday 07:00 to 18:00 Saturday 08:00 to 18:00 Sunday 08:30 to 17:00;0;0;0;1;1;Door less than 1 metre, 230 x 150 cubicle, seat height 50cm, movable support rails by toilet and basin, no locking lugs on seat, miroor, no colour con;No;No;Yes - during opening times;No;Yes;No;No;Yes;Yes;"{""coordinates"": [-2.6127547793075583, 51.44145612692217], ""type"": ""Point""}";51.44145612692217, -2.6127547793075583
9400;Industry Bar and Kitchen;141 Gloucester Road Bishopston Bristol;BS7 8BA;Ashley;Monday CLOSED, Tuesday to Friday 16:00-23:00, Saturday 12:00-00:00, Sunday 12:00-21:00;3;2;2;0;0;N/A;No;N/A;<Null>;No;2;No;No;Yes;<Null>;"{""coordinates"": [-2.591150610923428, 51.47374169307332], ""type"": ""Point""}";51.47374169307332, -2.591150610923428
9385;The Kingsdown Vaults;29-31 Kingsdown Parade, Bristol;BS6 5UE;Cotham;Monday to Friday 16:00-00:00, Friday 12:00-00:00, Saturday 16:00-00:00, Sunday 16:00-22:30;1;1;1;0;0;N/A;No;No;N/A;No;0;No;Yes;No;;"{""coordinates"": [-2.5967351290482643, 51.46175054851016], ""type"": ""Point""}";51.46175054851016, -2.5967351290482643
9386;The Rising Sun;Alfred Road, Bedminster, Bristol;BS3 4LE;Windmill Hill;Monday to Thursday 16:00-23:00, Friday & Saturday 13:00-23:00, Sunday 13:00-22:00;0;0;0;2;0;N/A;No;No;N/A;No;1;No;Yes;No;;"{""coordinates"": [-2.5937164466990463, 51.43872003776636], ""type"": ""Point""}";51.43872003776636, -2.5937164466990463
9388;The Star and Dove;75-78 St Luke's Road, TotteRoadown, Bristol;BS3 4RY;Windmill Hill;Monday & Tuesday CLOSED, Wednesday to Saturday 12:00-23:00, Sunday 12:00-17:00;1;3;1;0;1;Door over 1 metre, 200 x 150 cubicle, seat height 50cm, no hand rails, seat has locking lugs, mirror, no colour-contrasting skirting, wall and floor a;No;No;Yes - during opening times;No;0;No;Yes;No;;"{""coordinates"": [-2.5821730058562533, 51.441443183894926], ""type"": ""Point""}";51.441443183894926, -2.5821730058562533
9407;The Burger Joint;240 North Street Bedminster Bristol;BS3 1JD;Southville;Monday to Thursday 12:00-22:00, Friday & Saturday 12:00-22:30, Sunday 12:00-22:00;0;0;0;2;1;Door less than 1 metre, 190 x 130 cubicle, seat height 40cm, no support rails, seat does not have locking lugs, mirror, colour-contrasting skirting, n;No;No;No;No;1;No;Yes;No;<Null>;"{""coordinates"": [-2.611777998890326, 51.44130634139977], ""type"": ""Point""}";51.44130634139977, -2.611777998890326
29;Sea Walls Public Toilets;Circular Road By Sea Walls viewing Area;BS9 1ZZ;Stoke Bishop;Monday - Saunday  7:30-18:00;2;1;3;;Yes;Door size 100cm. Movable supportrails, Cubical size 200- 210cm. Seat height 49cm;N;N;N;Y;Y;N;N;N;N;"{""coordinates"": [-2.635545426921134, 51.47014254948864], ""type"": ""Point""}";51.47014254948864, -2.635545426921134
84;JD Weatherspoon - Van Dyck Forum;Van Dyck Forum, 748-756 Fishponds Road;BS16 3UA;Frome Vale;Sunday - Thursday 08:00 - 00:00. Friday - Saturday 08:00- 01:00.;3;6;6;;1;YES - Cubical size 200x140cm, Seat height 49cm, Handrails;N;N;Yes- during open times;Y;Y;N;N;;N;"{""coordinates"": [-2.5302377493507757, 51.47957671971242], ""type"": ""Point""}";51.47957671971242, -2.5302377493507757
9421;St Pauls Community Sports Academy;St Pauls Community Sports Academy Newfoundland Road Bristol;BS2 9NH;Ashley;;;;;1;1;;;;;;;;;;;"{""coordinates"": [-2.5803540185457376, 51.462334943841135], ""type"": ""Point""}";51.462334943841135, -2.5803540185457376
90;Stonehouse Pizza and Carvery;Henbury Arms 189 Henbury Road;BS10 7AD;Henbury & Brentry;Monday - Sunday  08:00 - 22:00;2;5;2;0;1;YES - Cubical size 200x140cm. Seat height 48cm. Handrails.;N;N;Yes - During opentimes;N;N;N;N;Y;Y;"{""coordinates"": [-2.628406413865323, 51.50595866709737], ""type"": ""Point""}";51.50595866709737, -2.628406413865323
115;The Greenway Centre, The Southmead Development Trust;The Greenway Centre, Doncaster Road;BS10 5PY;Southmead;Mon-Fri 8am-10pm, Sat-Sun 9am - 5pm;1;3;4;0;1;Yes - has disabled shower in the unit;N;N;Yes - while open;N;Y;N;N;Y;Y;"{""coordinates"": [-2.608793382751279, 51.49948627978974], ""type"": ""Point""}";51.49948627978974, -2.608793382751279
141;Bishopston Library;Bishopston Library, Gloucester Road, Bishopston, Bristol;BS7 8BN;Redland;1pm-7pm Monday, 11am-5pm Wednesday, Thursday, Friday and Saturday;;;;1;1;Level access entry, automatic opening doors, accessible lift to first floor, accessible toilet.;N;;;;;N;N;N;N;"{""coordinates"": [-2.591437740486952, 51.475145408200945], ""type"": ""Point""}";51.475145408200945, -2.591437740486952
4481;Air Balloon Surgery;Kenn Road, St George, Bristol;BS5 7PD;St George Central;Monday-Friday 08:00-18:30;1;;1;;1;YES - Door 90cm. Cubical 240x180cm. Seat height 46cm, handrails;N;N;Yes during open times;N;Y;N;N;Y;Y;"{""coordinates"": [-2.5324682980792033, 51.4589358738141], ""type"": ""Point""}";51.4589358738141, -2.5324682980792033
1633;The Jersey Lily;193 Whiteladies Road, Bristol;BS8 2SB;Clifton Down;Monday-Wedensday 11:00-23:00, Thurs- Saturday 11:00-00:00, Sunday 12:00-23:00;1;3;1;;0;NONE;;;;;;;;;;"{""coordinates"": [-2.614014473803497, 51.46950229652369], ""type"": ""Point""}";51.46950229652369, -2.614014473803497
3473;Campus Pool;Whitchurch Road, Bishopsworth;BS13 7RW;Bishopsworth;Monday-Thursday 10:00-21:00, Friday and Saturday 10:00-18:00;;;;;1;YES - Support Rail movable, Cubicale size 234x308, Door width 90, Seat height 48cm;;;;;;;;;;"{""coordinates"": [-2.6171396380793395, 51.415985114521185], ""type"": ""Point""}";51.415985114521185, -2.6171396380793395
8749;Bristol South Swimming Pool;Dean Lane, Southville, Bristol;BS3 1BS;Southville;Monday 07:30-20:00, Tuesday 07:30-19:00, Wednesday 07:30-20:00, Thursday 07:30-20:15, Friday 07:30-18:00, Saturday & Sunday 08:00-15:45;1;0;1;0;1;Door over 1 metre, 300 x 300 cubicle, seat height 48cm, support rails by hand basin and toilet not movable, no locking lugs, mirror, colour-contrastin;No;No;Yes - during opening times;No;1;No;Yes;No;;"{""coordinates"": [-2.6008106970624536, 51.442127451681266], ""type"": ""Point""}";51.442127451681266, -2.6008106970624536
8752;Filwood Community Centre;Barnstaple Road, Bristol;BS4 1JP;Filwood;Monday to Friday 09:00-17:00, CLOSED WEEKENDS;1;4;2;0;1;Door less than 1 metre, 210 x 310 cubicle, seat height 40cm, hand rails by toilet and hand basin not movable, no locking lugs, mirror, colour-contrast;No;No;Yes - during opening times;Yes;1;No;Yes;Yes;;"{""coordinates"": [-2.5863488510251753, 51.425694531328055], ""type"": ""Point""}";51.425694531328055, -2.5863488510251753
9380;Kingsdown Sports Centre;Portland Street, Bristol;BS2 8HL;Cotham;Monday to Friday 07:00-22:00, Saturday 08:00-18:00, Sunday 09:00-22:00;1;1;4;0;1;Door over 1 metre, 400 x 155 cubicle, seat height 49cm, hand rials by toilet and hand basin not movable, no locking lugs, mirror, colour-contrasting s;No;No;Yes - during opening times;No;1;No;No;No;;"{""coordinates"": [-2.5985558683338956, 51.46231974792028], ""type"": ""Point""}";51.46231974792028, -2.5985558683338956
9381;Mezzaluna;81 West Street, Bedminster, Bristol;BS3 3NU;Bedminster;Monday 11:00-22:00, Tuesday to Saturday 11:00-23:00, Sunday 11:00-21:00;0;0;0;2;1;Door over 1 metre, 175 x 175 cubicle, seat height 47cm, hand rails by toilet and hand basin movable,  no locking lugs, mirror, no colour-contrasting s;No;No;Yes - during opening times;No;1;No;Yes;No;;"{""coordinates"": [-2.6032387157044052, 51.438019200489386], ""type"": ""Point""}";51.438019200489386, -2.6032387157044052
9382;Pizzeria Milano;266 Charlton Road, Bristol;BS15 1LS;Hillfields;Monday to Sunday 14:00-22:00;0;0;0;1;0;N/A;No;No;N/A;No;0;No;Yes;No;;"{""coordinates"": [-2.520123603523638, 51.47024369655738], ""type"": ""Point""}";51.47024369655738, -2.520123603523638
9389;The Yeoman;700 Wells Road, Whitchurch, Bristol;BS14 9HX;Stockwood;Monday to Thursday 12:00-23:00, Friday & Saturday 12:00-00:00, Sunday 12:00-23:00;3;4;3;0;1;Door less than 1 metre, 220 x 150 cubicle, seat height 40cm, hand rails by toilet and hand basin not movable, no locking lugs, no mirror, colour-contr;No;No;Yes - during opening times;Yes;1;No;Yes;No;;"{""coordinates"": [-2.559290159411997, 51.41351192872558], ""type"": ""Point""}";51.41351192872558, -2.559290159411997
9403;Spicer + Cole Clifton;9 Princess Victoria Street Bristol;BS8 4BX;Clifton;Monday to Friday 09:00-17:00,  Saturday & Sunday 8:30-17:00;0;0;0;2;0;N/A;No;No;N/A;No;1;No;No;No;<Null>;"{""coordinates"": [-2.6194138160885183, 51.45465227528023], ""type"": ""Point""}";51.45465227528023, -2.6194138160885183
9404;Steam;Steam Clifton Down Station Whiteladies Gate Bristol;BS8 2PN;Clifton Down;Monday to Wednesday 15:00-23:00, Thursday & Friday 15:00-00:00, Saturday 12:00-00:00, Sunday 13:00-22:00;3;2;8;0;0;N/A;No;No;N/A;No;No;No;No;No;<Null>;"{""coordinates"": [-2.611410964098844, 51.464552886383785], ""type"": ""Point""}";51.464552886383785, -2.611410964098844
9411;The Gallimaurfry;26 Gloucester Road Bishopston Bristol;BS7 8AE;Redland;Monday to Saturday 11L00-23:30, Sunday 12:00-23:30;1;2;2;0;0;N/A;No;No;N/A;No;1;No;No;No;<Null>;"{""coordinates"": [-2.5928339789084554, 51.47171533825465], ""type"": ""Point""}";51.47171533825465, -2.5928339789084554
9418;Two Ways Caffe Bar;10 Queens Avenue Bristol;BS8 1SB;Central;Monday to Friday 08:00 -16:30, Saturday 11:00-16:30, CLOSED SUNDAY;0;0;0;1;0;N/A;No;No;N/A;No;0;No;Yes;No;<Null>;"{""coordinates"": [-2.6075429826426113, 51.45773949920542], ""type"": ""Point""}";51.45773949920542, -2.6075429826426113
9414;The Old Stillage;The Old Stillage Church Road Redfield Bristol;BS5 9LA;Easton;Monday 14:00-23:00, Tuesday & Wednesday 14:00-23:30, Thursday 14:00-00:30, Friday & Saturday 14:00-01:30, Sunday 12:30-23:30;1;3;1;0;1;Door over 1 metre, 200 x 18- cubicle, seat height 45 cm, support rails by hand basin and toilet are movable, seat has locking lugs, mirror, colour-con;No;No;Yes - during opening times;No;1;No;No;No;<Null>;"{""coordinates"": [-2.558109112622046, 51.458766400289385], ""type"": ""Point""}";51.458766400289385, -2.558109112622046
3;Ardagh Public Conveniences Horfield Common;Kellaway Avenue, Horfield, Bristol;BS6 7YL;Bishopston & Ashley Down;Monday-Sunday 08.00-17.15 (winter), 08:00-21.15 (summer), excluding Christmas Day;1;1;2;0;1;YES - Moveable support rail, door 86cm, cubicle 160 x 367cm, seat 48cm, coloured skirting, non reflective wall, non slip floor, accessible locks;N;N;No;Y;N;N;N;;N;"{""coordinates"": [-2.5929064815930136, 51.485066846419336], ""type"": ""Point""}";51.485066846419336, -2.5929064815930136
6;Blaise Castle House Museum and Roman Villa;Henbury Road;BS10 7QS;Henbury & Brentry;Thu- Sun 11:00- 16:00, open Mondays during Bristol school holidays 10:00-17:00. Full details available on www.bristolmuseums.org.uk;1;3;1;;0;NONE;N;;;;Y;N;N;;N;"{""coordinates"": [-2.632438200600677, 51.50576615730659], ""type"": ""Point""}";51.50576615730659, -2.632438200600677
7;Ashton Court Estate Public Conveniences Stable yard;Kennel Lodge Road, Long Ashton, North Somerset;BS41 9JN;North Somerset Ward;Monday-Sunday 07.00-17:00 (winter), 07:00-19:00 (summer), excluding Christmas Day;2;2;5;0;1;YES - Moveable hand rail, door 89cm, cubicle 167 x 194cm, seat of toilet 48cm, mirror, non reflect walls, non slip floor, accessible locks;N;N;;N;Y;N;N;;N;"{""coordinates"": [-2.6377503626186467, 51.444193779986655], ""type"": ""Point""}";51.444193779986655, -2.6377503626186467
11;Hengrove Play Park, Hengrove Leisure Centre,;Hengrove way, Hengrove, Bristol;BS14 0HR;Hengrove & Whitchurch Park;Only open when Play Park is open.;;;;;1;YES;N;;;;;N;N;;N;"{""coordinates"": [-2.5849136601501916, 51.41543110059432], ""type"": ""Point""}";51.41543110059432, -2.5849136601501916
54;Avonmouth Medical Centre (Pioneer Medical Group);1 Collins Street, Bristol;BS11 9JJ;Avonmouth & Lawrence Weston;Monday-Thursday 08:00 - 18:30, Friday 08:00-17:00;0;0;0;2;1;YES - Moveable rail, door 94cm, cubicle 153 x 167cm, seat height 48cm, accessible locks;N;N;Y during open times;N;Y;N;N;Y;Y;"{""coordinates"": [-2.6945328659943515, 51.498751607481], ""type"": ""Point""}";51.498751607481, -2.6945328659943515
143;Henbury Library;Crow Lane, Henbury;BS10 7DR;Henbury & Brentry;11-5 Monday, 11-7 Wednesday, 11 - 5 Friday, 11 - 5 Saturday;;;;1;Yes;Level access;N;N;N;N;Y;N;N;N;N;"{""coordinates"": [-2.6194802014765224, 51.50968369538701], ""type"": ""Point""}";51.50968369538701, -2.6194802014765224
150;The Galleries Shopping Centre;25 Union Gallery, Broadmead;BS1 3XD;Central;Mon ¿ Sat 9am-7pm, Sun 11am-5pm;Yes;?;Yes;;0;;N;;;;Yes;N;N;;N;"{""coordinates"": [-2.5892256941029226, 51.45651931361665], ""type"": ""Point""}";51.45651931361665, -2.5892256941029226
514;Bristol Museum and Art Gallery;Queens Road, Bristol;BS8 1RL;Central;OPEN Tues- Sun 10:30- 17:00;1;3;1;;1;YES;N;N;y during opentimes;N;Y;;N;N;;"{""coordinates"": [-2.605155635130489, 51.45628514060206], ""type"": ""Point""}";51.45628514060206, -2.605155635130489
1617;Cafe on the Square;Shirehampton Road, Bristol;BS9 2DY;Stoke Bishop;Monday-Saturday 10:00-14:00;0;0;0;1;1;YES - Door 90cm, seat height 48cm, cubical size 152-200cm;N;N;N;N;Y;N;N;Y;Y;"{""coordinates"": [-2.6475979815555095, 51.48798155895088], ""type"": ""Point""}";51.48798155895088, -2.6475979815555095
5489;The Hub;1 Fedden Building, Gainsborough Square;BS7 9FB;Lockleaze;Monday - Friday 9am - 3pm;1;;1;;Yes;YES;N;;;;Y;;;Y;Y;"{""coordinates"": [-2.5625930621243778, 51.49008840678964], ""type"": ""Point""}";51.49008840678964, -2.5625930621243778
3457;The Old Crow;Crow Lane;BS10 7DR;Henbury & Brentry;Monday - Sunday 11:00 - 23:00;2;7;2;0;0;NONE;N;N;No;N;N;N;N;Y;Y;"{""coordinates"": [-2.61881840566948, 51.50993181879535], ""type"": ""Point""}";51.50993181879535, -2.61881840566948
44;Redcatch Park Public Conveniences;Broad Walk, Knowle, Bristol;BS4 2RA;Knowle;7.00 until 16.30 winter - 20.00 summer hours, excluding Christmas Day;2;1;2;;1;YES - Support rail mobile door 80cm, 175x100cm cubical, seat 47cm, non reflective wall, non slip floor, accessible lock;N;N;no;Y;N;N;N;N;N;"{""coordinates"": [-2.5719354058107493, 51.43400238208885], ""type"": ""Point""}";51.43400238208885, -2.5719354058107493
610;The Range;Unit 7 Imperial Park Wills Way Bristol;BS13 7TJ;Bishopsworth;Monday-Saturday 8:30-20:00, Sunday 10:00-17:00;1;1;3;;1;YES - Support rail movable, Cubical size 240x235, Height of seat 49cm, Door width 19, Mirror, Non-slip floor, Non reflective wall;;;;;Y;;;;;"{""coordinates"": [-2.6026119078912298, 51.416801069611395], ""type"": ""Point""}";51.416801069611395, -2.6026119078912298
53;McDonald's - Brislington;Bath Road / Emery Road;BS4 5PF;Brislington East;24 hours;2;?;2;;1;YES- cubicle 94cmx140cm, Door width 73cm, seat height 49cm, contrasting skirting board, non slip floor, handrails, no locking seat lugs.;N;;Yes - during open times;N;Yes;N;N;;Y;"{""coordinates"": [-2.538740561366428, 51.43006562614154], ""type"": ""Point""}";51.43006562614154, -2.538740561366428
9391;Bishops Tavern;225 - 231 Cheltenham Road Bristol;BS6 5QP;Redland;Mon -Sun 11:00 to 23:00;2;0;3;0;1;Door less than 1 metre, 270 x 120 cubicle, seat height 47cm, movable support rails by hand basin and toilet, no locking lugs on seat, mirror, colour-c;No;No;Yes - during opening times;No;1;No;Yes;No;Yes;"{""coordinates"": [-2.593860740899445, 51.469848860680436], ""type"": ""Point""}";51.469848860680436, -2.593860740899445
9392;Boston Tea Party;293 Gloucester Road Horfield Bristol;BS7 8PE;Bishopston & Ashley Down;Monday to Saturday 08:00 to 17:00 Sunday 09:00 to 17:00;2;3;3;0;1;Door width 89cm, height of seat 47cm;No;No;Yes - during opening times;<Null>;Yes;No;<Null>;<Null>;<Null>;"{""coordinates"": [-2.588634308787119, 51.48032508317732], ""type"": ""Point""}";51.48032508317732, -2.588634308787119
9393;Boston Tea Party;75 Park Street City Centre Bristol;BS1 5PF;Hotwells & Harbourside;Monday to Saturday 08:00 to 17:00 Sunday 09:00 to 17:00;0;0;0;3;0;N/A;No;No;N/A;No;1;No;No;No;<Null>;"{""coordinates"": [-2.603874156010444, 51.45515877020282], ""type"": ""Point""}";51.45515877020282, -2.603874156010444
8747;Boston Tea Party;St Johns Court, Whiteladies Road, Clifton, Bristol;BS8 2QY;Clifton Down;Monday to Saturday 08:00 to 17:00 Sunday 09:00 to 17:00;2;2;3;0;1;Door over 1 metre, 200 x 300 cubicle, seat height 50 cm, movable hand rails by hand basin and toilet, no locking lugs, mirror, colour-contrasting skir;No;No;Yes - during opening times;No;1;No;Yes;No;;"{""coordinates"": [-2.6134579663087405, 51.467922895186305], ""type"": ""Point""}";51.467922895186305, -2.6134579663087405
9383;Spicer + Cole;1 Queen Square Avenue, Bristol;BS1 4JA;Central;Monday to Friday 08:00-16:00, Saturday & Sunday 09:00-16:00;0;0;0;1;0;N/A;No;No;N/A;No;1;No;No;No;;"{""coordinates"": [-2.592895566621062, 51.4511685798859], ""type"": ""Point""}";51.4511685798859, -2.592895566621062
9415;The Trinity Centre;The Trinity Centre Trinity Road Bristol;BS2 0NW;Lawrence Hill;<Null>;2;3;8;3;2;<Null>;Yes;No;Yes;No;1;No;No;Yes;<Null>;"{""coordinates"": [-2.5759710897480455, 51.458064956855274], ""type"": ""Point""}";51.458064956855274, -2.5759710897480455
47;Dundridge Public Conveniences;Recreation Ground Dundridge Lane Bristol;BS5 8SZ;St George Troopers Hill;During match play only;;;;;0;NONE;N;;;;;N;N;;N;"{""coordinates"": [-2.5287121592879003, 51.44983008269952], ""type"": ""Point""}";51.44983008269952, -2.5287121592879003
3073;Horfield Lesuire centre;Dorinan Road, Horfield;BS7 0XW;Horfield;OPEN Monday-Friday 06:30-22:30, Saturday-Sunday 08:00-20:00;1;1;2;;1;YES - Cubical size 200-290cm. Door 80cm. Seat height 48cm;N;N;Yes - during open times;N;N;N;N;Y;Y;"{""coordinates"": [-2.583776526895245, 51.493688581436906], ""type"": ""Point""}";51.493688581436906, -2.583776526895245
142;Fishponds Library;Robinson House, Hockeys Lane, Bristol;BS16 3HL;Eastville;Monday-Tuesday 10am-5pm, Thursday 11am-7pm, Friday-Saturday 10am-5pm, Sunday closed.;;;;1;1;YES - Single unit - unisex, Disabled access and Baby change;N;N;;N;Y;N;N;N;N;"{""coordinates"": [-2.5331232835474196, 51.477585475128706], ""type"": ""Point""}";51.477585475128706, -2.5331232835474196
611;Hengrove Leisure Centre;Hengrove Park Leisure Centre Hengrove Promenade Bristol;BS14 0DE;Hengrove & Whitchurch Park;;;;;;1;;;;;;;;;;;"{""coordinates"": [-2.584558101587173, 51.413169761951], ""type"": ""Point""}";51.413169761951, -2.584558101587173
1745;Helios - Sea Mills Surgery;2 Riverleaze;BS9 2HL;Stoke Bishop;Monday-Friday 08:00-18:30;0;0;0;1;1;YES - Moveable support rail, door 78cm, cubical 210 x 164cm, toilet height 45cm, non reflective wall/non-slip floor;N;Y;yes during opening hours;N;Y;N;N;Y;Y;"{""coordinates"": [-2.650086369413361, 51.48491192441396], ""type"": ""Point""}";51.48491192441396, -2.650086369413361
7777;Vaulted Chambers Cafe;Castle Park;BS2 0HQ;Central;Wed-Sun 09:30 to 16:30;;;;;1;;;;;;;;;;;"{""coordinates"": [-2.586151838424117, 51.45574270503759], ""type"": ""Point""}";51.45574270503759, -2.586151838424117
9093;The Redland Library;Redland Library Whiteladies Road Bristol;BS8 2PY;Clifton Down;;;;;;;;;;;;;;;;;"{""coordinates"": [-2.6106654685659856, 51.46532070095448], ""type"": ""Point""}";51.46532070095448, -2.6106654685659856
9396;Coffee#1 Fishponds;784A Fishponds Road Fishponds Bristol;BS16 3TT;Frome Vale;Monday to Saturday 07:30to 18:00 Sunday 09:00 to 17:00;0;0;0;1;1;Door over 1 metre, 200 x 180 cubicle, seat height 49cm, support rails by hand basin and toilet not movable, no locking lugs on seat, mirror, no colour;Yes;Yes;Yes - during opening times;Yes;1;Yes;Yes;Yes;<Null>;"{""coordinates"": [-2.528684508818731, 51.480444590791066], ""type"": ""Point""}";51.480444590791066, -2.528684508818731
9397;East Village Cafe;Arch House Boyce's Avenue Bristol;BS8 4AA;Clifton;Monday to Friday 10:00 to 16:30 Saturday 10:00 to 17:00 Sunday 10:00 to 16:30;0;0;0;1;1;Door less than 1 metre, 200 x 130 cubicle, seat height 50cm, support rails by hand basin and toilet  are not movable, no no locking lugs on seat, no m;No;No;Yes - during opening times;No;Yes;No;No;No;No;"{""coordinates"": [-2.617850009535954, 51.455193721818], ""type"": ""Point""}";51.455193721818, -2.617850009535954
8751;Easton Leisure Centre;Thrissell Street, Easton, Bristol;BS5 0SW;Lawrence Hill;Monday tto Friday 06:30-22:30, Saturday 07:30-20:00, Sunday 07:30-21:00;1;3;4;0;1;Door over 1 metre, 300 x 240 cubicle, seat height 50cm, movable support rails by hand basin and toilet, no locking lugs, mirror, colour-contrasting sk;No;Yes;Yes - during opening times;No;1;No;Yes;No;;"{""coordinates"": [-2.5739674405353576, 51.45982324767969], ""type"": ""Point""}";51.45982324767969, -2.5739674405353576
9384;St Nicholas Market;The Corn Exchange, Corn Street, Bristol;BS1 1JQ;Central;Monday to Sunday 09:30-17:00;2;4;2;0;0;N/A;No;No;N/A;No;0;No;Yes;No;;"{""coordinates"": [-2.5935303512308936, 51.4544038191142], ""type"": ""Point""}";51.4544038191142, -2.5935303512308936
9413;The Old Post Office Pub;The Old Post Office Fishponds Road Fishponds Bristol;BS16 3TT;Frome Vale;Monday to Thursday 10:00-23:00, Friday & Saturday 10:00-00:00, Sunday 12:00-22:30;2;5;4;0;1;Door over 1 metre, 180 x 150 cubicle, seat height 48cm, support rails by hand basin and toilet not movable, no locking lugs, mirror, no colour-contras;No;No;Yes - during opening times;Yes;1;Yes;Yes;No;<Null>;"{""coordinates"": [-2.5285349906173926, 51.48071477125173], ""type"": ""Point""}";51.48071477125173, -2.5285349906173926
594;The Gatehouse;Hareclive Road Bristol;BS13 9JN;Hartcliffe & Withywood;;;;;;0;YES -;;;;;;;;;;"{""coordinates"": [-2.6110576336820643, 51.412445368418005], ""type"": ""Point""}";51.412445368418005, -2.6110576336820643
5138;Creative Workspace;Queens Road, Withywood, Bristol;BS13 8LF;Hartcliffe & Withywood;Tuesday-Friday 9:00-15:00;2;;3;;1;YES - Movable supported rails, Door width 85cm, Size of cubical 2m by 2m, Seat height 48cm, Mirror, Non-slip floor, Colour contrasting skirting;;;;;;;;;;"{""coordinates"": [-2.618566009850084, 51.41082577586728], ""type"": ""Point""}";51.41082577586728, -2.618566009850084
128;City Hall, Bristol City Council;College Green, Bristol;BS1 5TL;Hotwells & Harbourside;Monday-Friday 08:00-19:00;7;5;7;0;2;YES;Y;Y;Yes - accessible toliets and changing places only;N;Y;N;N;Y;N;"{""coordinates"": [-2.6020414397057587, 51.45260549773835], ""type"": ""Point""}";51.45260549773835, -2.6020414397057587
137;Bristol Central Library;Deanery Road, Bristol;BS1 5TL;Hotwells & Harbourside;COVI-19: CLOSED Monday -Thursday 10:00-19:00 CLOSED Wednesday. Friday- Saturday 10:00- 16:45. Sunday 13:00- 16:45.;2;3;3;0;1;YES Unit size 2.9m x 2.52m, Door width 0.9m,Seat height 44cm. Support rails moveable, Contrasting skirting, Non reflective surfaces;Y;N;Accessible unit only, during opening hours;N;Y;N;N;Y;N;"{""coordinates"": [-2.6025915790859746, 51.451482564631185], ""type"": ""Point""}";51.451482564631185, -2.6025915790859746
138;Junction 3 Library;Junction 3 Library Baptist Mills Court Bristol;BS5 0FJ;Lawrence Hill;1 - 7 Monday, 11 - 5 Tuesday, 1 - 7 Wednesday, 11 - 5 Friday, 10 - 5 Saturday;;;;2;Yes;Level access;N;N;;N;Y;N;N;N;N;"{""coordinates"": [-2.573240047417285, 51.466112132384715], ""type"": ""Point""}";51.466112132384715, -2.573240047417285
155;Create Centre;Smeaton Road, Howells;BS1 6XN;Hotwells & Harbourside;COVID-10: CLOSED Monday-Thursday 8:30am-5pm, Friday 8:30am-4:30pm, Saturday 10am-4pm first two Saturdays of the month.;2;3;3;2;3;YES - 3 units, one in the female toilets, one in the male and one unisex.;N;N;Y during open times;N;Y;N;N;Y;N;"{""coordinates"": [-2.622420907065206, 51.44710911363781], ""type"": ""Point""}";51.44710911363781, -2.622420907065206
8;Ashton Court Estate, golf hub Public Conveniences;Golf Hub, Rownham Hill, Long Ashton, North Somerset;BS8 3PX;North Somerset Ward;7.00 until 17.00 - 19.00, excluding Christmas Day;1;1;1;2;1;YES - Movable support rail, Door 90cm, Cubical 220x153, Seat height 49cm, mirror, non reflective wall, non slip floor?;N;Y;yes;N;Y;N;N;;N;"{""coordinates"": [-2.6441162781270893, 51.45111390517966], ""type"": ""Point""}";51.45111390517966, -2.6441162781270893
2065;Bradgate Health Centre (Pioneer Medical Group);Ardenton Walk, Brentry;BS10 6SP;Henbury & Brentry;Monday-Friday 08:00-18:30, Saturday 08:00-13:00;0;0;0;2;1;Yes - Cubical size 200x200cm. Door 100cm, Seat height 40cm.;N;N;No;N;Y;N;N;Y;Y;"{""coordinates"": [-2.617683193432174, 51.51027087537396], ""type"": ""Point""}";51.51027087537396, -2.617683193432174
4161;Conham River Park;Conham Road;BS15 1AW;St George Troopers Hill;;;;;;0;NONE;;;;;;;;;;"{""coordinates"": [-2.534776863600656, 51.44718082353706], ""type"": ""Point""}";51.44718082353706, -2.534776863600656
498;BCC Customers Service Point;100 Temple Street, Redcliff, Bristol;BS1 6AG;Central;Monday-Tuesday 9am-4:45pm, Wednesday 10am- 4:45pm  Thursday-Friday 9am-4:45pm;;;;3;1;YES - 2 units, 1 is changing places;Y;Y;Y during opening times;Y;Y;;;Y;;"{""coordinates"": [-2.586578872239177, 51.449602989318635], ""type"": ""Point""}";51.449602989318635, -2.586578872239177
51;Sainsbury's - St Phillips Causeway;J Sainsbury Plc Bloomfield Road Link Bristol;BS4 3BD;Brislington West;7am - 10pm;4;?;4;0;0;Yes- Door width 90cm, cubicle size 195cmx270cm, seat height 48cm, contrasting skirting, non-slip floor, accessible lock, hand rails.;N;N;Yes- during open times.;N;Yes;N;N;Y;N;"{""coordinates"": [-2.5598287869535614, 51.44301396452345], ""type"": ""Point""}";51.44301396452345, -2.5598287869535614
9098;Filwood Library;Filwood Library Filwood Broadway Bristol;BS4 1JN;Filwood;;;;;;;;;;;;;;;;;"{""coordinates"": [-2.5858176277163363, 51.42358635031997], ""type"": ""Point""}";51.42358635031997, -2.5858176277163363
9099;Salisburys Ashton;J Sainsbury Winterstoke Road Bristol;BS3 2NS;Bedminster;Monday-Saturday 07:00-22:00, Sunday 10:00-16:00.;2;2;3;2;1;YES - Door width 90cm, Cubical size 229x229cm. Seat height: 48cm. Handrails;N;N;Yes - during opening times;N;Y;N;N;Y;Y;"{""coordinates"": [-2.6193237303910903, 51.433701911956256], ""type"": ""Point""}";51.433701911956256, -2.6193237303910903
9390;Better Food Company;278 Gloucester Road, Bishopston, Bristol;BS7 8PB;Bishopston & Ashley Down;Mon-Sat 08:00 to 20:00 Sunday 10:00 to 18:00;0;0;0;1;0;N/A;No;No;N/A;No;Yes;No;No;No;No;"{""coordinates"": [-2.588662187864944, 51.480937289230106], ""type"": ""Point""}";51.480937289230106, -2.588662187864944
9401;Morrisons;692 - 716 Fishponds Road Fishponds Bristol;BS16 3US;Frome Vale;Monday to Saturday 07:00-22:00, Sunday 10:00-16:00;3;0;3;0;1;Door over 1 metre, 180 x 180 cubicle, seat heght 49cm, support rails by toilet and hand basin not movavle, no locking  lugs on seat, mirror, colour-co;No;No;Yes - during opening times;Yes;1;No;Yes;Yes;<Null>;"{""coordinates"": [-2.53207088695939, 51.4787142117339], ""type"": ""Point""}";51.4787142117339, -2.53207088695939
8746;Bakesmiths;65 Whiteladies Road, Redland, Bristol;BS8 2LY;Clifton Down;Monday to Friday 07:00-17:00, Saturday & Sunday 08:00-17:00;1;3;2;0;0;N/A;No;No;N/A;No;1;No;Yes;No;;"{""coordinates"": [-2.608475734555317, 51.462409451553086], ""type"": ""Point""}";51.462409451553086, -2.608475734555317
8750;Cider Press;86-90 Gloucester Road, Bishopston, Bristol;BS7 8BN;Redland;Monday to Saturday 11:00-23:00, Sunday 12:00-22:00;3;5;7;0;1;Door over 1 metre, 150 x 180 cubicle, seat height 47cm , hand rails by toilet and hand basin movable, no lovking lugs, mirror, no colour-contrasting s;No;No;Yes - during opening times;No;1;No;Yes;No;;"{""coordinates"": [-2.5917801250015318, 51.47431739016044], ""type"": ""Point""}";51.47431739016044, -2.5917801250015318
9379;Imperial Sports Ground;West Town Lane, Brislington, Bristol;BS14 9EA;Stockwood;Monday to Saturday 10:00-23:00, Sunday 10:00-19:00;7;8;7;0;4;Door less than 1 metre, 230 x 150 cubicle, seat height 40cm, hand rails by toilet and hand basin not movable, no locking lugs, mirror, olour-conttrast;No;No;Yes - during opening times;Yes;3;No;Yes;No;;"{""coordinates"": [-2.559504956737262, 51.4262285783205], ""type"": ""Point""}";51.4262285783205, -2.559504956737262
9416;The Westbury Park Pub and Kitchen;Northumbria Drive Bristol;BS9 4HP;Westbury-on-Trym & Henleaze;Monday to Sunday 11:00-23:00;2;4;3;0;1;Door over 1 metre, 120 x 180 cubiicle, seat height 47cm, support rails by hand basin and toilet are movable, no locking lugs, mirror, colour-contrasti;No;Yes;Yes - during opening times;No;1;No;Yes;No;<Null>;"{""coordinates"": [-2.6114654118247658, 51.48051738139327], ""type"": ""Point""}";51.48051738139327, -2.6114654118247658
